id,user_id,current_issue,current_advise
1,1,My small toe is hurting when I jog. Shall I put a bandage on it?,"Experiencing pain in your small toe while jogging can be attributed to several causes, including friction, improper footwear, or an underlying injury. Applying a bandage may help in certain situations, particularly if the pain is due to skin irritation or a blister. However, it's important to address the root cause of the problem to prevent further discomfort or injury. Here are some steps you can take:

1. **Examine Your Footwear:** Ensure your shoes fit properly and provide adequate support. Shoes that are too tight or too loose can cause undue pressure or friction on the toes.

2. **Check for Blisters or Calluses:** If you notice any blisters, calluses, or skin irritation, applying a bandage or a blister pad can help protect the area during activity.

3. **Inspect for Signs of Injury:** Look for signs of bruising, swelling, or deformity. If any of these are present, it could indicate a sprain, fracture, or other injury that may require medical evaluation.

4. **Consider Taping Techniques:** Some people find relief in taping the toe to provide extra support and minimize movement. Be sure not to tape too tightly, as this could restrict circulation.

5. **Rest and Ice:** Giving your foot a break and applying ice may help alleviate pain and reduce inflammation if there is any.

6. **Consult a Healthcare Professional:** If pain persists, it may be wise to see a podiatrist or orthopedic specialist. They can assess for issues such as stress fractures, tendonitis, or structural abnormalities and recommend appropriate treatment options.

Remember, it's essential to listen to your body and avoid activities that exacerbate the pain until you have a clearer understanding of the cause."
